registry_record_id,origin,record_json
terra-source-0001,terra_json,"{""source_id"":""EUSPA_GNSS_MOBILE_APPS"",""url"":""https://www.gsc-europa.eu/support-to-developers/gnss-mobile-applications""}"
terra-source-0002,terra_json,"{""source_id"":""ANDROID_GNSS_STATUS"",""url"":""https://developer.android.com/reference/android/location/GnssStatus""}"
terra-source-0003,terra_json,"{""source_id"":""ANDROID_GNSS_MEASUREMENT"",""url"":""https://developer.android.com/reference/android/location/GnssMeasurement""}"
terra-source-0004,terra_json,"{""source_id"":""ANDROID_GNSS_CLOCK"",""url"":""https://developer.android.com/reference/android/location/GnssClock.html""}"
terra-source-0005,terra_json,"{""source_id"":""ANDROID_GNSS_NAV"",""url"":""https://developer.android.com/reference/android/location/GnssNavigationMessage.html""}"
terra-source-0006,terra_json,"{""source_id"":""ANDROID_GNSS_ANTENNA"",""url"":""https://developer.android.com/reference/android/location/GnssAntennaInfo.html""}"
terra-source-0007,terra_json,"{""source_id"":""ANDROID_RAW_GNSS"",""url"":""https://developer.android.com/develop/sensors-and-location/sensors/gnss-analyze-raw""}"
terra-source-0008,terra_json,"{""source_id"":""ANDROID_LATEST_GNSSLOGGER"",""url"":""https://developer.android.com/develop/sensors-and-location/sensors/gnss-about-latest""}"
terra-source-0009,terra_json,"{""source_id"":""GPS_ICDS"",""url"":""https://www.gps.gov/interface-control-documents-icds-interface-specifications-iss""}"
terra-source-0010,terra_json,"{""source_id"":""IGS_PRODUCTS"",""url"":""https://igs.org/products/""}"
terra-source-0011,terra_json,"{""source_id"":""IGS_RTS"",""url"":""https://igs.org/rts/""}"
terra-source-0012,terra_json,"{""source_id"":""IGS_RTS_PRODUCTS"",""url"":""https://igs.org/rts/products""}"
terra-source-0013,terra_json,"{""source_id"":""IGS_ACCESS"",""url"":""https://connect.igs.org/products-access/""}"
terra-source-0014,terra_json,"{""source_id"":""GPSTEST_GITHUB"",""url"":""https://github.com/christianrowlands/gpstest-library""}"
terra-source-0015,terra_json,"{""source_id"":""GNSS_COMPARE_GITHUB"",""url"":""https://github.com/TheGalfins/GNSS_Compare""}"
terra-source-0016,terra_json,"{""source_id"":""GOOGLE_GNSS_TOOLS"",""url"":""https://github.com/google/gps-measurement-tools""}"
terra-source-0017,terra_json,"{""source_id"":""GOOGLE_LOGGING_FORMAT"",""url"":""https://github.com/google/gps-measurement-tools/blob/master/LOGGING_FORMAT.md""}"
terra-source-0018,terra_json,"{""source_id"":""GPS_LOCKER_GITHUB"",""url"":""https://github.com/MrRar/gps_locker""}"
terra-source-0019,terra_json,"{""source_id"":""GPSLOGGER_BASIC_GITHUB"",""url"":""https://github.com/BasicAirData/GPSLogger""}"
terra-source-0020,terra_json,"{""source_id"":""RTKGPS_ANDROID"",""url"":""https://github.com/illarionov/RtkGps""}"
terra-source-0021,terra_json,"{""source_id"":""RTKLIB_ANDROID"",""url"":""https://github.com/maxzirps/rtklib-android""}"
terra-source-0022,terra_json,"{""source_id"":""RINEX_RUST"",""url"":""https://github.com/nav-solutions/rinex""}"
terra-source-0023,terra_json,"{""source_id"":""RINEX_ANDROID"",""url"":""https://github.com/rokubun/android_rinex""}"
terra-source-0024,terra_json,"{""source_id"":""POINTONE_GNSSLOGGER"",""url"":""https://github.com/PointOneNav/GNSSLogger""}"
terra-source-0025,terra_json,"{""source_id"":""GNSS_SDR"",""url"":""https://github.com/gnss-sdr/gnss-sdr""}"
terra-source-0026,terra_json,"{""source_id"":""MULTIGNSS_ANDROID_ANALYSIS"",""url"":""https://github.com/devadaskuna/multi-gnss-android-analysis""}"
terra-source-0027,terra_json,"{""source_id"":""SPOOFING_ANDROID"",""url"":""https://github.com/Antonello-DiPede/Spoofing-Android-GNSS-Measurements""}"
terra-source-0028,terra_json,"{""source_id"":""GOOGLE_GNSS_LOGGER_LIB"",""url"":""https://github.com/gscatto/google-gnss-logger""}"
terra-source-0029,terra_json,"{""source_id"":""GOOGLE_MEASUREMENT_RELEASES"",""url"":""https://github.com/google/gps-measurement-tools/releases""}"
terra-source-0030,terra_json,"{""source_id"":""OPENALEX_SMARTPHONE_REVIEW"",""url"":""https://openalex.org/W3214035964""}"
terra-source-0031,terra_json,"{""source_id"":""OPENALEX_DUALFREQ_MI8"",""url"":""https://openalex.org/W2910587791""}"
terra-source-0032,terra_json,"{""source_id"":""OPENALEX_SMARTPHONE_POSITIONING"",""url"":""https://openalex.org/W3016856310""}"
terra-source-0033,terra_json,"{""source_id"":""OPENALEX_PPP_SMARTPHONE"",""url"":""https://openalex.org/W2944198247""}"
terra-source-0034,terra_json,"{""source_id"":""OPENALEX_MULTIGNSS_ANDROID"",""url"":""https://openalex.org/W3131958656""}"
terra-source-0035,terra_json,"{""source_id"":""OPENALEX_JAM_SPOOF_REVIEW"",""url"":""https://openalex.org/W4400198665""}"
terra-source-0036,terra_json,"{""source_id"":""OPENALEX_PPP_RTK_REVIEW"",""url"":""https://openalex.org/W4311617910""}"
horizon-source-0001,horizon_research_json,"{""id"":""SRC-001"",""type"":""official"",""title"":""Android GNSS developer documentation"",""url"":""https://developer.android.com/develop/sensors-and-location/sensors/gnss""}"
horizon-source-0002,horizon_research_json,"{""id"":""SRC-002"",""type"":""official"",""title"":""GPSTest project / logging documentation"",""url"":""https://github.com/barbeau/gpstest""}"
horizon-source-0003,horizon_research_json,"{""id"":""SRC-003"",""type"":""official"",""title"":""IGS products and access"",""url"":""https://connect.igs.org/products-access/""}"
horizon-source-0004,horizon_research_json,"{""id"":""SRC-004"",""type"":""official"",""title"":""ESA Galileo HAS / Navipedia"",""url"":""https://gssc.esa.int/navipedia/index.php/Galileo_High_Accuracy_Service_%28HAS%29""}"
horizon-source-0005,horizon_research_json,"{""id"":""SRC-005"",""type"":""research"",""title"":""NSGRX / University of Nottingham research output"",""url"":""https://nottingham-repository.worktribe.com/output/70323219""}"
horizon-source-0006,horizon_research_json,"{""id"":""SRC-006"",""type"":""research"",""title"":""Robust Android GNSS positioning using tightly coupled GNSS/INS EKF"",""url"":""https://experts.umn.edu/en/publications/robust-android-gnss-positioning-using-single-differenced-tightly-/""}"
horizon-source-0007,horizon_research_json,"{""id"":""SRC-007"",""type"":""research"",""title"":""GNSS-PPK + PDR + FGO smartphone research"",""url"":""https://pmc.ncbi.nlm.nih.gov/articles/PMC11433767/""}"
horizon-source-0008,horizon_research_json,"{""id"":""SRC-008"",""type"":""research"",""title"":""Android GNSS / RFI monitoring research"",""url"":""https://www.mdpi.com/2673-4591/126/1/4""}"
terra-current-2026-0001,terra_json.current_2026,"{""item"":""Android GnssLogger v3.1"",""type"":""Product capability"",""finding"":""Detect GNSS jamming and spoofing; analyze raw measurements"",""authority"":""Android Developers"",""source_ref"":""10_Current_GNSSLOGGER"",""source_url"":""https://developer.android.com/develop/sensors-and-location/sensors/gnss-about-latest""}"
terra-current-2026-0002,terra_json.current_2026,"{""item"":""GnssLogger for Wear OS v1.1"",""type"":""Product capability"",""finding"":""Realtime GnssStatus, realtime map, CSV/RINEX/NMEA logging, sharing logs"",""authority"":""Android Developers"",""source_ref"":""10_Current_GNSSLOGGER"",""source_url"":""https://developer.android.com/develop/sensors-and-location/sensors/gnss-about-latest""}"
terra-current-2026-0003,terra_json.current_2026,"{""item"":""GNSS Analysis App 4.6.0.1"",""type"":""Release capability"",""finding"":""C/N0 comparison by constellation/L1 vs L5, pseudorange-rate residual plot, RINEX parsing fixes, NASA CDDIS fallback"",""authority"":""Google GNSS Measurement Tools release"",""source_ref"":""GOOGLE_MEASUREMENT_RELEASES"",""source_url"":""https://github.com/google/gps-measurement-tools/releases""}"
terra-current-2026-0004,terra_json.current_2026,"{""item"":""GPS ICD page (2026)"",""type"":""Standards update"",""finding"":""GPS.gov lists June 2026 updates for Civil Integrity Support Message formats for IS-GPS-200N and IS-GPS-705J"",""authority"":""GPS.gov"",""source_ref"":""GPS_ICDS"",""source_url"":""https://www.gps.gov/interface-control-documents-icds-interface-specifications-iss""}"
terra-current-2026-0005,terra_json.current_2026,"{""item"":""Android GnssMeasurement"",""type"":""API evolution"",""finding"":""Carrier/code/inter-signal bias fields and code-type support continue to evolve; current docs include API 37 code type constants"",""authority"":""Android Developers"",""source_ref"":""ANDROID_GNSS_MEASUREMENT"",""source_url"":""https://developer.android.com/reference/android/location/GnssMeasurement""}"
terra-current-2026-0006,terra_json.current_2026,"{""item"":""IGS products"",""type"":""Scientific reference"",""finding"":""Official IGS orbit/clock/ERP products include ultra-rapid, rapid and final solutions"",""authority"":""IGS"",""source_ref"":""IGS_PRODUCTS"",""source_url"":""https://igs.org/products/""}"
terra-current-2026-0007,terra_json.current_2026,"{""item"":""IGS Real-Time Service"",""type"":""Scientific reference"",""finding"":""Real-time orbit/clock corrections, code/phase biases support PPP and related applications"",""authority"":""IGS"",""source_ref"":""IGS_RTS"",""source_url"":""https://igs.org/rts/""}"
terra-current-2026-0008,terra_json.current_2026,"{""item"":""IGS RTS product streams"",""type"":""Real-time corrections"",""finding"":""RTS includes combined multi-GNSS corrections and global ionospheric products"",""authority"":""IGS"",""source_ref"":""IGS_RTS_PRODUCTS"",""source_url"":""https://igs.org/rts/products""}"
terra-current-2026-0009,terra_json.current_2026,"{""item"":""EUSPA mobile GNSS app catalogue"",""type"":""Competitive landscape"",""finding"":""Official app list includes GPS Locker, GPSTest, GNSS Logger, GalileoPVT, GEO++ RINEX Logger, surveying and satellite-radar apps; list is regularly updated and not exhaustive"",""authority"":""European GNSS Service Centre"",""source_ref"":""EUSPA_GNSS_MOBILE_APPS"",""source_url"":""https://www.gsc-europa.eu/support-to-developers/gnss-mobile-applications""}"
terra-discovery-0001,terra_json.discovery_candidates,"{""repository"":""AILocAR/androidGnss"",""domain"":""Android GNSS research/app"",""evidence_status"":""GitHub discovery result"",""terra_use_note"":""Candidate; inspect README/license/source before adoption"",""url"":""https://github.com/AILocAR/androidGnss""}"
terra-discovery-0002,terra_json.discovery_candidates,"{""repository"":""gscatto/raw-gnss-measurement"",""domain"":""Android raw GNSS processing"",""evidence_status"":""GitHub discovery result"",""terra_use_note"":""Candidate; inspect implementation scope"",""url"":""https://github.com/gscatto/raw-gnss-measurement""}"
terra-discovery-0003,terra_json.discovery_candidates,"{""repository"":""zqmever/android2rinex"",""domain"":""Android/GNSS-to-RINEX"",""evidence_status"":""GitHub discovery result"",""terra_use_note"":""Candidate; verify RINEX version and license"",""url"":""https://github.com/zqmever/android2rinex""}"
terra-discovery-0004,terra_json.discovery_candidates,"{""repository"":""ishanray23/GettingPseudorangesGNSSDataAndroid"",""domain"":""Raw pseudorange extraction"",""evidence_status"":""GitHub discovery result"",""terra_use_note"":""Candidate; educational/reference scope"",""url"":""https://github.com/ishanray23/GettingPseudorangesGNSSDataAndroid""}"
terra-discovery-0005,terra_json.discovery_candidates,"{""repository"":""Antonello-DiPede/Spoofing-Android-GNSS-Measurements"",""domain"":""Spoofing analysis"",""evidence_status"":""Verified README inspected"",""terra_use_note"":""Raw-data spoofing evaluation reference"",""url"":""https://github.com/Antonello-DiPede/Spoofing-Android-GNSS-Measurements""}"
terra-discovery-0006,terra_json.discovery_candidates,"{""repository"":""devadaskuna/multi-gnss-android-analysis"",""domain"":""Multi-GNSS analysis"",""evidence_status"":""Verified README inspected"",""terra_use_note"":""LS, coordinate transforms, skyplot, KML"",""url"":""https://github.com/devadaskuna/multi-gnss-android-analysis""}"
terra-discovery-0007,terra_json.discovery_candidates,"{""repository"":""PointOneNav/GNSSLogger"",""domain"":""Raw/RINEX/IMU logging"",""evidence_status"":""Verified README inspected"",""terra_use_note"":""Scientific logger reference"",""url"":""https://github.com/PointOneNav/GNSSLogger""}"
terra-discovery-0008,terra_json.discovery_candidates,"{""repository"":""rokubun/android_rinex"",""domain"":""GNSSLogger → RINEX"",""evidence_status"":""Verified README inspected"",""terra_use_note"":""Converter/reference"",""url"":""https://github.com/rokubun/android_rinex""}"
terra-discovery-0009,terra_json.discovery_candidates,"{""repository"":""gscatto/google-gnss-logger"",""domain"":""GNSS Logger parser library"",""evidence_status"":""Verified README inspected"",""terra_use_note"":""Efficient parser/data abstraction"",""url"":""https://github.com/gscatto/google-gnss-logger""}"
terra-discovery-0010,terra_json.discovery_candidates,"{""repository"":""gnss-sdr/gnss-sdr"",""domain"":""SDR GNSS receiver"",""evidence_status"":""Verified repository identity from GitHub search"",""terra_use_note"":""Upper-bound architecture; not an Android drop-in"",""url"":""https://github.com/gnss-sdr/gnss-sdr""}"
terra-discovery-0011,terra_json.discovery_candidates,"{""repository"":""nav-solutions/rinex"",""domain"":""Rust RINEX ecosystem"",""evidence_status"":""Verified repository identity from GitHub search"",""terra_use_note"":""Scientific data layer candidate"",""url"":""https://github.com/nav-solutions/rinex""}"
terra-discovery-0012,terra_json.discovery_candidates,"{""repository"":""maxzirps/RtkGps"",""domain"":""RTK/PPP Android"",""evidence_status"":""Verified README inspected"",""terra_use_note"":""Android RTK/PPP bridge"",""url"":""https://github.com/maxzirps/RtkGps""}"
terra-discovery-0013,terra_json.discovery_candidates,"{""repository"":""MrRar/gps_locker"",""domain"":""GPS Locker"",""evidence_status"":""Verified README inspected"",""terra_use_note"":""Small behavioral implementation reference"",""url"":""https://github.com/MrRar/gps_locker""}"
terra-discovery-0014,terra_json.discovery_candidates,"{""repository"":""luiscancillo/toRINEX"",""domain"":""Android raw → RINEX"",""evidence_status"":""Previously discovered but current GitHub fetch returned 404"",""terra_use_note"":""Do not treat as verified current repo until re-resolved"",""url"":""https://github.com/luiscancillo/toRINEX""}"
terra-discovery-0015,terra_json.discovery_candidates,"{""repository"":""BUAA-RINEX-Convertor"",""domain"":""GNSSLogger → RINEX 3.04"",""evidence_status"":""Previously discovered"",""terra_use_note"":""Candidate; verify current repository availability/license"",""url"":""https://github.com/Jia-le-wang/BUAA-RINEX-Convertor""}"
terra-discovery-0016,terra_json.discovery_candidates,"{""repository"":""ofekrotem/Raw-GNSS-data-app"",""domain"":""Raw GNSS Android logger"",""evidence_status"":""Previously discovered"",""terra_use_note"":""Candidate for telemetry/export patterns; verify scope"",""url"":""https://github.com/ofekrotem/Raw-GNSS-data-app""}"
terra-discovery-0017,terra_json.discovery_candidates,"{""repository"":""Ahmed-Refaat/egy-gnss-toolkit"",""domain"":""Android logger + MATLAB PVT toolkit"",""evidence_status"":""Previously discovered"",""terra_use_note"":""Integrated educational reference; verify license"",""url"":""https://github.com/Ahmed-Refaat/egy-gnss-toolkit""}"
terra-discovery-0018,terra_json.discovery_candidates,"{""repository"":""sctg-development/RtkGps"",""domain"":""RTK/PPP Android fork"",""evidence_status"":""Previously discovered"",""terra_use_note"":""Candidate; inspect fork delta vs RTKLIB upstream"",""url"":""https://github.com/sctg-development/RtkGps""}"
terra-discovery-0019,terra_json.discovery_candidates,"{""repository"":""maxzirps/rtklib-android"",""domain"":""RTKLIB Android library"",""evidence_status"":""Previously discovered"",""terra_use_note"":""Candidate integration layer"",""url"":""https://github.com/maxzirps/rtklib-android""}"
terra-discovery-0020,terra_json.discovery_candidates,"{""repository"":""perrysou/GNSS_SDR"",""domain"":""GNSS SDR implementation"",""evidence_status"":""GitHub discovery result"",""terra_use_note"":""Candidate research code"",""url"":""https://github.com/perrysou/GNSS_SDR""}"
terra-discovery-0021,terra_json.discovery_candidates,"{""repository"":""perrysou/SoftGNSS-python"",""domain"":""Software GNSS receiver in Python"",""evidence_status"":""GitHub discovery result"",""terra_use_note"":""Candidate for algorithm comparison/testing"",""url"":""https://github.com/perrysou/SoftGNSS-python""}"
terra-discovery-0022,terra_json.discovery_candidates,"{""repository"":""danusha2345/gnss-signal-simulator-rs"",""domain"":""GNSS signal simulator in Rust"",""evidence_status"":""GitHub discovery result"",""terra_use_note"":""Potential test/simulation source; not direct Android component"",""url"":""https://github.com/danusha2345/gnss-signal-simulator-rs""}"
resilience-primary-0001,resilience_manifest,"""TEXBAT"""
resilience-primary-0002,resilience_manifest,"""OAKBAT-GPS"""
resilience-primary-0003,resilience_manifest,"""OAKBAT-GALILEO"""
resilience-primary-0004,resilience_manifest,"""FGI-SpoofRepo"""
resilience-primary-0005,resilience_manifest,"""YUNNAN-MENDELEY-PART3"""
resilience-primary-0006,resilience_manifest,"""JAMMERTEST-2024"""
resilience-primary-0007,resilience_manifest,"""TUNI2025-GPS-SPOOF"""
resilience-primary-0008,resilience_manifest,"""JAMMING-RESPONSE-L1-2025"""
